[{"@type":"mappingTemplate","id":"@1","name":"M_As3_to_FF","description":"","bundleVersion":"0","templateId":"@3","deployTime":1704391737000,"hasParameters":false,"valid":true,"fixedConnection":true,"hasParametersDeployed":false,"fixedConnectionDeployed":true,"isSchemaValidationEnabled":false,"tasks":0,"mappingPreviewFileRecordId":"@2","documentType":"MAPPING","references":[{"@type":"reference","refObjectId":"@7ijOGfU8lu0kVMSA4AnSIk","refType":"connection"},{"@type":"reference","refObjectId":"@gYZjYjtCQmih65jzmWifmQ","refType":"connection"}]}]