[{"@type":"mappingTemplate","id":"@1","name":"s3_s3","description":"","bundleVersion":"0","templateId":"@3","deployTime":1705966126000,"hasParameters":false,"valid":true,"fixedConnection":true,"hasParametersDeployed":false,"fixedConnectionDeployed":true,"isSchemaValidationEnabled":false,"tasks":1,"mappingPreviewFileRecordId":"@2","documentType":"MAPPING","references":[{"@type":"reference","refObjectId":"@7ijOGfU8lu0kVMSA4AnSIk","refType":"connection"},{"@type":"reference","refObjectId":"@72OS1qg5oXdjtIfz3694o1","refType":"connection"}]}]