[{"@type":"mappingTemplate","id":"@1","name":"m_GoogleSheet_Target_SingleQuote","description":"","bundleVersion":"0","templateId":"@3","deployTime":1710285120000,"hasParameters":false,"valid":true,"fixedConnection":true,"hasParametersDeployed":false,"fixedConnectionDeployed":true,"isSchemaValidationEnabled":false,"tasks":1,"mappingPreviewFileRecordId":"@2","documentType":"MAPPING","references":[{"@type":"reference","refObjectId":"@7ijOGfU8lu0kVMSA4AnSIk","refType":"connection"},{"@type":"reference","refObjectId":"@7hlYhalqP2TbYFZRJh392T","refType":"connection"}]}]